partition,individual_id,recordings,negative_windows,positive_windows,evaluated_duration_seconds
train,chb02,36,15845,24,126952
train,chb03,38,17045,55,136800
train,chb06,18,30000,29,240232
train,chb07,19,30129,42,241368
train,chb10,25,22447,61,180064
train,chb11,35,15553,103,125248
train,chb12,21,9159,148,74456
train,chb13,33,14771,79,118800
train,chb14,26,11672,28,93600
train,chb15,40,17736,268,144032
train,chb16,19,8529,21,68400
train,chb17,21,9415,38,75624
train,chb18,36,15989,46,128280
train,chb20,29,12373,44,99336
train,chb24,22,9507,76,76664
validation,chb05,39,17476,75,140408
validation,chb08,20,8882,120,72016
validation,chb19,30,13434,33,107736
validation,chb23,9,11890,59,95592
test,chb01,75,32929,90,264152
test,chb04,42,70170,52,561776
test,chb09,19,30496,39,244280
test,chb22,31,13922,29,111608
